24,204879706572206D61792061
36,6464206164646974696F6E61
48,6C20636F6E666967206F7074
60,696F6E732C0D0A2F2F207768
72,6963682077696C6C206E6F74
84,206175746F6D61746963616C
96,6C79206265206D6572676564
108,20696E746F20746869732066
120,696C652E0D0A2F2F20536565
132,2068747470733A2F2F687970
144,65722E69732363666720666F
156,7220616C6C2063757272656E
168,746C7920737570706F727465
180,64206F7074696F6E732E0D0A
192,0D0A6D6F64756C652E657870
204,6F727473203D207B0D0A2020
216,636F6E6669673A207B0D0A20
228,2020202F2F2063686F6F7365
240,206569746865722060277374
252,61626C65276020666F722072
264,6563656976696E6720686967
276,686C7920706F6C6973686564
288,2C0D0A202020202F2F206F72
300,20602763616E617279276020
312,666F72206C65737320706F6C
324,697368656420627574206D6F
336,7265206672657175656E7420

2520,313231272C0D0A2020202020
2532,2079656C6C6F773A20272343
2544,3743333239272C0D0A202020
2556,202020626C75653A20272330
2568,4132464334272C0D0A202020
2580,2020206D6167656E74613A20
2592,2723433833394335272C0D0A
2604,2020202020206379616E3A20
2616,2723323043354336272C0D0A
2628,20202020202077686974653A
2640,202723433743374337272C0D
2652,0A2020202020206C69676874
2664,426C61636B3A202723363836
2676,383638272C0D0A2020202020
2688,206C696768745265643A2027
2700,23464436463642272C0D0A20
2712,20202020206C696768744772
2724,65656E3A2027233637463836
2736,46272C0D0A2020202020206C
2748,6967687459656C6C6F773A20
2760,2723464646413732272C0D0A
2772,2020202020206C6967687442
2784,6C75653A2027233641373646
2796,42272C0D0A2020202020206C
2808,696768744D6167656E74613A
2820,202723464437434643272C0D
2832,0A2020202020206C69676874
284414379616E3A20272336384644
4356,202F2F20666F722061647661
4368,6E63656420636F6E66696720
4380,666C61677320706C65617365
4392,20726566657220746F206874
4404,7470733A2F2F68797065722E
4416,69732F236366670D0A20207D
4428,2C0D0A0D0A20202F2F206120
4440,6C697374206F6620706C7567
4452,696E7320746F206665746368
4464,20616E6420696E7374616C6C
4476,2066726F6D206E706D0D0A20
4488,202F2F20666F726D61743A20
4500,5B406F72672F5D70726F6A65
4512,63745B2376657273696F6E5D
4524,0D0A20202F2F206578616D70
4536,6C65733A0D0A20202F2F2020
4548,20606879706572706F776572
4560,600D0A20202F2F2020206040
4572,636F6D70616E792F70726F6A
4584,656374600D0A20202F2F2020
4596,206070726F6A65637423312E
4608,302E31600D0A2020706C7567
4620,696E733A205B0D0A20202020
4632,2768797065726C696E6B7327
4644,2C0D0A202020202768797065
4656,722D7374617475736C696E65
4668,272C0D0A2020202027687970
4680165722D6D6174657269616C2D
4656,722D7374617475736C696E65
4668,272C0D0A2020202027687970
4680,65722D6D6174657269616C2D
4692,7468656D65270D0A20205D2C
4704,0D0A0D0A20202F2F20696E20
4716,646576656C6F706D656E742C
4728,20796F752063616E20637265
4740,617465206120646972656374
4752,6F727920756E6465720D0A20
4764,202F2F20607E2F2E68797065
4776,725F706C7567696E732F6C6F
4788,63616C2F6020616E6420696E
4800,636C75646520697420686572
4812,650D0A20202F2F20746F206C
4824,6F616420697420616E642061
4836,766F6964206974206265696E
4848,6720606E706D20696E737461
4860,6C6C6065640D0A20206C6F63
4872,616C506C7567696E733A205B
4884,5D2C0D0A0D0A20206B65796D
4896,6170733A207B0D0A20202020
4908,2F2F204578616D706C650D0A
4920,202020202F2F202777696E64
4932,6F773A646576746F6F6C7327
4944,3A2027636D642B616C742B6F
4956,272C0D0A20207D2C0D0A7D3B
4968,0D0A

4500,5B406F72672F5D70726F6A65
4512,63745B2376657273696F6E5D
4524,0D0A20202F2F206578616D70
4536,6C65733A0D0A20202F2F2020
4548,20606879706572706F776572
4560,600D0A20202F2F2020206040
4572,636F6D70616E792F70726F6A
4584,656374600D0A20202F2F2020
4596,206070726F6A65637423312E
4608,302E31600D0A2020706C7567
4620,696E733A205B0D0A20202020
4632,2768797065726C696E6B7327
4644,2C0D0A202020202768797065
4656,722D7374617475736C696E65
4668,272C0D0A2020202027687970
4680,65722D6D6174657269616C2D
4692,7468656D65270D0A20205D2C
4704,0D0A0D0A20202F2F20696E20
4716,646576656C6F706D656E742C
4728,20796F752063616E20637265
4740,617465206120646972656374
4752,6F727920756E6465720D0A20
4764,202F2F20607E2F2E68797065
4776,725F706C7567696E732F6C6F
4788,63616C2F6020616E6420696E
4800,636C75646520697420686572
4812,650D0A20202F2F20746F206C
482416F616420697420616E642061
4416,69732F236366670D0A20207D
4428,2C0D0A0D0A20202F2F206120
4440,6C697374206F6620706C7567
4452,696E7320746F206665746368
4464,20616E6420696E7374616C6C
4476,2066726F6D206E706D0D0A20
4488,202F2F20666F726D61743A20
4500,5B406F72672F5D70726F6A65
4512,63745B2376657273696F6E5D
4524,0D0A20202F2F206578616D70
4536,6C65733A0D0A20202F2F2020
4548,20606879706572706F776572
4560,600D0A20202F2F2020206040
4572,636F6D70616E792F70726F6A
4584,656374600D0A20202F2F2020
4596,206070726F6A65637423312E
4608,302E31600D0A2020706C7567
4620,696E733A205B0D0A20202020
4632,2768797065726C696E6B7327
4644,2C0D0A202020202768797065
4656,722D7374617475736C696E65
4668,272C0D0A2020202027687970
4680,65722D6D6174657269616C2D
4692,7468656D65270D0A20205D2C
4704,0D0A0D0A20202F2F20696E20
4716,646576656C6F706D656E742C
4728,20796F752063616E20637265
47401617465206120646972656374
4368,6E63656420636F6E66696720
4380,666C61677320706C65617365
4392,20726566657220746F206874
4404,7470733A2F2F68797065722E
4416,69732F236366670D0A20207D
4428,2C0D0A0D0A20202F2F206120
4440,6C697374206F6620706C7567
4452,696E7320746F206665746368
4464,20616E6420696E7374616C6C
4476,2066726F6D206E706D0D0A20
4488,202F2F20666F726D61743A20
4500,5B406F72672F5D70726F6A65
4512,63745B2376657273696F6E5D
4524,0D0A20202F2F206578616D70
4536,6C65733A0D0A20202F2F2020
4548,20606879706572706F776572
4560,600D0A20202F2F2020206040
4572,636F6D70616E792F70726F6A
4584,656374600D0A20202F2F2020
4596,206070726F6A65637423312E
4608,302E31600D0A2020706C7567
4620,696E733A205B0D0A20202020
4632,2768797065726C696E6B7327
4644,2C0D0A202020202768797065
4656,722D7374617475736C696E65
4668,272C0D0A2020202027687970
4680,65722D6D6174657269616C2D
469217468656D65270D0A20205D2C
4332,6C652E636F6D2F62656C6C2E
4344,6D7033272C0D0A0D0A202020
4356,202F2F20666F722061647661
4368,6E63656420636F6E66696720
4380,666C61677320706C65617365
4392,20726566657220746F206874
4404,7470733A2F2F68797065722E
4416,69732F236366670D0A20207D
4428,2C0D0A0D0A20202F2F206120
4440,6C697374206F6620706C7567
4452,696E7320746F206665746368
4464,20616E6420696E7374616C6C
4476,2066726F6D206E706D0D0A20
4488,202F2F20666F726D61743A20
4500,5B406F72672F5D70726F6A65
4512,63745B2376657273696F6E5D
4524,0D0A20202F2F206578616D70
4536,6C65733A0D0A20202F2F2020
4548,20606879706572706F776572
4560,600D0A20202F2F2020206040
4572,636F6D70616E792F70726F6A
4584,656374600D0A20202F2F2020
4596,206070726F6A65637423312E
4608,302E31600D0A2020706C7567
4620,696E733A205B0D0A20202020
4632,2768797065726C696E6B7327
4644,2C0D0A202020202768797065
46561722D7374617475736C696E65
4272,2020202F2F2055524C20746F
4284,20637573746F6D2062656C6C
4296,0D0A202020202F2F2062656C
4308,6C536F756E6455524C3A2027
4320,687474703A2F2F6578616D70
4332,6C652E636F6D2F62656C6C2E
4344,6D7033272C0D0A0D0A202020
4356,202F2F20666F722061647661
4368,6E63656420636F6E66696720
4380,666C61677320706C65617365
4392,20726566657220746F206874
4404,7470733A2F2F68797065722E
4416,69732F236366670D0A20207D
4428,2C0D0A0D0A20202F2F206120
4440,6C697374206F6620706C7567
4452,696E7320746F206665746368
4464,20616E6420696E7374616C6C
4476,2066726F6D206E706D0D0A20
4488,202F2F20666F726D61743A20
4500,5B406F72672F5D70726F6A65
4512,63745B2376657273696F6E5D
4524,0D0A20202F2F206578616D70
4536,6C65733A0D0A20202F2F2020
4548,20606879706572706F776572
4560,600D0A20202F2F2020206040
4572,636F6D70616E792F70726F6A
4584,656374600D0A20202F2F2020
45961206070726F6A65637423312E
4116,6C6C20626520636F70696564
4128,206F72207061737465642069
4140,66206E6F0D0A202020202F2F
4152,2073656C656374696F6E2069
4164,732070726573656E74202860
4176,747275656020627920646566
4188,61756C74206F6E2057696E64
4200,6F777320616E642064697361
4212,626C65732074686520636F6E
4224,74657874206D656E75206665
4236,6174757265290D0A20202020
4248,2F2F20717569636B45646974
4260,3A20747275652C0D0A0D0A20
4272,2020202F2F2055524C20746F
4284,20637573746F6D2062656C6C
4296,0D0A202020202F2F2062656C
4308,6C536F756E6455524C3A2027
4320,687474703A2F2F6578616D70
4332,6C652E636F6D2F62656C6C2E
4344,6D7033272C0D0A0D0A202020
4356,202F2F20666F722061647661
4368,6E63656420636F6E66696720
4380,666C61677320706C65617365
4392,20726566657220746F206874
4404,7470733A2F2F68797065722E
4416,69732F236366670D0A20207D
4428,2C0D0A0D0A20202F2F206120
444016C697374206F6620706C7567
3900,602028776974686F75742062
3912,61636B7469636B7320616E64
3924,20776974686F75742071756F
3936,746573292C20687970657220
3948,77696C6C2062652073657420
3960,617320746865206465666175
3972,6C742070726F746F636F6C20
3984,636C69656E7420666F722053
3996,53480D0A2020202064656661
4008,756C745353484170703A2074
4020,7275652C0D0A0D0A20202020
4032,2F2F20696620607472756560
4044,2028776974686F7574206261
4056,636B7469636B7320616E6420
4068,776974686F75742071756F74
4080,6573292C206F6E2072696768
4092,7420636C69636B2073656C65
4104,637465642074657874207769
4116,6C6C20626520636F70696564
4128,206F72207061737465642069
4140,66206E6F0D0A202020202F2F
4152,2073656C656374696F6E2069
4164,732070726573656E74202860
4176,747275656020627920646566
4188,61756C74206F6E2057696E64
4200,6F777320616E642064697361
4212,626C65732074686520636F6E
4224174657874206D656E75206665
3624,27275D2C0D0A0D0A20202020
3636,2F2F20666F7220656E766972
3648,6F6E6D656E74207661726961
3660,626C65730D0A20202020656E
3672,763A207B7D2C0D0A0D0A2020
3684,20202F2F2073657420746F20
3696,6066616C73656020666F7220
3708,6E6F2062656C6C0D0A202020
3720,2062656C6C3A2027534F554E
3732,44272C0D0A0D0A202020202F
3744,2F2069662060747275656020
3756,28776974686F757420626163
3768,6B7469636B7320616E642077
3780,6974686F75742071756F7465
3792,73292C2073656C6563746564
3804,20746578742077696C6C2061
3816,75746F6D61746963616C6C79
3828,20626520636F706965642074
3840,6F2074686520636C6970626F
3852,6172640D0A20202020636F70
3864,794F6E53656C6563743A2066
3876,616C73652C0D0A0D0A202020
3888,202F2F206966206074727565
3900,602028776974686F75742062
3912,61636B7469636B7320616E64
3924,20776974686F75742071756F
3936,746573292C20687970657220
3948177696C6C2062652073657420
3492,696E67207368656C6C206172
3504,67756D656E74732028692E65
3516,2E20666F72207573696E6720
3528,696E74657261637469766520
3540,7368656C6C417267733A2060
3552,5B272D69275D60290D0A2020
3564,20202F2F2062792064656661
3576,756C7420605B272D2D6C6F67
3588,696E275D602077696C6C2062
3600,6520757365640D0A20202020
3612,7368656C6C417267733A205B
3624,27275D2C0D0A0D0A20202020
3636,2F2F20666F7220656E766972
3648,6F6E6D656E74207661726961
3660,626C65730D0A20202020656E
3672,763A207B7D2C0D0A0D0A2020
3684,20202F2F2073657420746F20
3696,6066616C73656020666F7220
3708,6E6F2062656C6C0D0A202020
3720,2062656C6C3A2027534F554E
3732,44272C0D0A0D0A202020202F
3744,2F2069662060747275656020
3756,28776974686F757420626163
3768,6B7469636B7320616E642077
3780,6974686F75742071756F7465
3792,73292C2073656C6563746564
3804,20746578742077696C6C2061
3816175746F6D61746963616C6C79
3444,5368656C6C5C5C76312E305C
3456,5C706F7765727368656C6C2E
3468,657865272C0D0A0D0A202020
3480,202F2F20666F722073657474
3492,696E67207368656C6C206172
3504,67756D656E74732028692E65
3516,2E20666F72207573696E6720
3528,696E74657261637469766520
3540,7368656C6C417267733A2060
3552,5B272D69275D60290D0A2020
3564,20202F2F2062792064656661
3576,756C7420605B272D2D6C6F67
3588,696E275D602077696C6C2062
3600,6520757365640D0A20202020
3612,7368656C6C417267733A205B
3624,27275D2C0D0A0D0A20202020
3636,2F2F20666F7220656E766972
3648,6F6E6D656E74207661726961
3660,626C65730D0A20202020656E
3672,763A207B7D2C0D0A0D0A2020
3684,20202F2F2073657420746F20
3696,6066616C73656020666F7220
3708,6E6F2062656C6C0D0A202020
3720,2062656C6C3A2027534F554E
3732,44272C0D0A0D0A202020202F
3744,2F2069662060747275656020
3756,28776974686F757420626163
376816B7469636B7320616E642077
3300,206F6E2057696E646F77730D
3312,0A202020202F2F202D204578
3324,616D706C653A2060433A5C5C
3336,57494E444F57535C5C537973
3348,74656D33325C5C57696E646F
3360,7773506F7765725368656C6C
3372,5C5C76312E305C5C706F7765
3384,727368656C6C2E657865600D
3396,0A202020207368656C6C3A20
3408,27433A5C5C57696E646F7773
3420,5C5C53797374656D33325C5C
3432,57696E646F7773506F776572
3444,5368656C6C5C5C76312E305C
3456,5C706F7765727368656C6C2E
3468,657865272C0D0A0D0A202020
3480,202F2F20666F722073657474
3492,696E67207368656C6C206172
3504,67756D656E74732028692E65
3516,2E20666F72207573696E6720
3528,696E74657261637469766520
3540,7368656C6C417267733A2060
3552,5B272D69275D60290D0A2020
3564,20202F2F2062792064656661
3576,756C7420605B272D2D6C6F67
3588,696E275D602077696C6C2062
3600,6520757365640D0A20202020
3612,7368656C6C417267733A205B
3624127275D2C0D0A0D0A20202020
3168,2D6C6F67696E6020696E2073
3180,68656C6C417267730D0A2020
3192,20202F2F0D0A202020202F2F
3204,2042617368206F6E2057696E
3216,646F77730D0A202020202F2F
3228,202D204578616D706C653A20
3240,60433A5C5C57696E646F7773
3252,5C5C53797374656D33325C5C
3264,626173682E657865600D0A20
3276,2020202F2F0D0A202020202F
3288,2F20506F7765725368656C6C
3300,206F6E2057696E646F77730D
3312,0A202020202F2F202D204578
3324,616D706C653A2060433A5C5C
3336,57494E444F57535C5C537973
3348,74656D33325C5C57696E646F
3360,7773506F7765725368656C6C
3372,5C5C76312E305C5C706F7765
3384,727368656C6C2E657865600D
3396,0A202020207368656C6C3A20
3408,27433A5C5C57696E646F7773
3420,5C5C53797374656D33325C5C
3432,57696E646F7773506F776572
3444,5368656C6C5C5C76312E305C
3456,5C706F7765727368656C6C2E
3468,657865272C0D0A0D0A202020
3480,202F2F20666F722073657474
34921696E67207368656C6C206172
2964,2F6C6F63616C2F62696E2F66
2976,697368290D0A202020202F2F
2988,206966206C65667420656D70
3000,74792C20796F757220737973
3012,74656D2773206C6F67696E20
3024,7368656C6C2077696C6C2062
3036,652075736564206279206465
3048,6661756C740D0A202020202F
3060,2F0D0A202020202F2F205769
3072,6E646F77730D0A202020202F
3084,2F202D204D616B6520737572
3096,6520746F2075736520612066
3108,756C6C207061746820696620
3120,7468652062696E617279206E
3132,616D6520646F65736E277420
3144,776F726B0D0A202020202F2F
3156,202D2052656D6F766520602D
3168,2D6C6F67696E6020696E2073
3180,68656C6C417267730D0A2020
3192,20202F2F0D0A202020202F2F
3204,2042617368206F6E2057696E
3216,646F77730D0A202020202F2F
3228,202D204578616D706C653A20
3240,60433A5C5C57696E646F7773
3252,5C5C53797374656D33325C5C
3264,626173682E657865600D0A20
3276,2020202F2F0D0A202020202F
328812F20506F7765725368656C6C
2748,6967687459656C6C6F773A20
2760,2723464646413732272C0D0A
2772,2020202020206C6967687442
2784,6C75653A2027233641373646
2796,42272C0D0A2020202020206C
2808,696768744D6167656E74613A
2820,202723464437434643272C0D
2832,0A2020202020206C69676874
2844,4379616E3A20272336384644
2856,4645272C0D0A202020202020
2868,6C6967687457686974653A20
2880,2723464646464646272C0D0A
2892,202020207D2C0D0A0D0A2020
2904,20202F2F2074686520736865
2916,6C6C20746F2072756E207768
2928,656E20737061776E696E6720
2940,61206E65772073657373696F
2952,6E2028692E652E202F757372
2964,2F6C6F63616C2F62696E2F66
2976,697368290D0A202020202F2F
2988,206966206C65667420656D70
3000,74792C20796F757220737973
3012,74656D2773206C6F67696E20
3024,7368656C6C2077696C6C2062
3036,652075736564206279206465
3048,6661756C740D0A202020202F
3060,2F0D0A202020202F2F205769
307216E646F77730D0A202020202F
2520,313231272C0D0A2020202020
2532,2079656C6C6F773A20272343
2544,3743333239272C0D0A202020
2556,202020626C75653A20272330
2568,4132464334272C0D0A202020
2580,2020206D6167656E74613A20
2592,2723433833394335272C0D0A
2604,2020202020206379616E3A20
2616,2723323043354336272C0D0A
2628,20202020202077686974653A
2640,202723433743374337272C0D
2652,0A2020202020206C69676874
2664,426C61636B3A202723363836
2676,383638272C0D0A2020202020
2688,206C696768745265643A2027
2700,23464436463642272C0D0A20
2712,20202020206C696768744772
2724,65656E3A2027233637463836
2736,46272C0D0A2020202020206C
2748,6967687459656C6C6F773A20
2760,2723464646413732272C0D0A
2772,2020202020206C6967687442
2784,6C75653A2027233641373646
2796,42272C0D0A2020202020206C
2808,696768744D6167656E74613A
2820,202723464437434643272C0D
2832,0A2020202020206C69676874
284414379616E3A20272336384644
2424,6F72206D6170206F626A6563
2436,740D0A20202020636F6C6F72
2448,733A207B0D0A202020202020
2460,626C61636B3A202723303030
2472,303030272C0D0A2020202020
2484,207265643A20272343353145
2496,3134272C0D0A202020202020
2508,677265656E3A202723314443
2520,313231272C0D0A2020202020
2532,2079656C6C6F773A20272343
2544,3743333239272C0D0A202020
2556,202020626C75653A20272330
2568,4132464334272C0D0A202020
2580,2020206D6167656E74613A20
2592,2723433833394335272C0D0A
2604,2020202020206379616E3A20
2616,2723323043354336272C0D0A
2628,20202020202077686974653A
2640,202723433743374337272C0D
2652,0A2020202020206C69676874
2664,426C61636B3A202723363836
2676,383638272C0D0A2020202020
2688,206C696768745265643A2027
2700,23464436463642272C0D0A20
2712,20202020206C696768744772
2724,65656E3A2027233637463836
2736,46272C0D0A2020202020206C
274816967687459656C6C6F773A20
2412,656164206F66206120636F6C
2424,6F72206D6170206F626A6563
2436,740D0A20202020636F6C6F72
2448,733A207B0D0A202020202020
2460,626C61636B3A202723303030
2472,303030272C0D0A2020202020
2484,207265643A20272343353145
2496,3134272C0D0A202020202020
2508,677265656E3A202723314443
2520,313231272C0D0A2020202020
2532,2079656C6C6F773A20272343
2544,3743333239272C0D0A202020
2556,202020626C75653A20272330
2568,4132464334272C0D0A202020
2580,2020206D6167656E74613A20
2592,2723433833394335272C0D0A
2604,2020202020206379616E3A20
2616,2723323043354336272C0D0A
2628,20202020202077686974653A
2640,202723433743374337272C0D
2652,0A2020202020206C69676874
2664,426C61636B3A202723363836
2676,383638272C0D0A2020202020
2688,206C696768745265643A2027
2700,23464436463642272C0D0A20
2712,20202020206C696768744772
2724,65656E3A2027233637463836
2736146272C0D0A2020202020206C
2340,6C6F7220637562657320616E
2352,642074686520677261797363
2364,616C65206D61702C206A7573
2376,742070726F766964650D0A20
2388,2020202F2F20616E20617272
2400,6179206865726520696E7374
2412,656164206F66206120636F6C
2424,6F72206D6170206F626A6563
2436,740D0A20202020636F6C6F72
2448,733A207B0D0A202020202020
2460,626C61636B3A202723303030
2472,303030272C0D0A2020202020
2484,207265643A20272343353145
2496,3134272C0D0A202020202020
2508,677265656E3A202723314443
2520,313231272C0D0A2020202020
2532,2079656C6C6F773A20272343
2544,3743333239272C0D0A202020
2556,202020626C75653A20272330
2568,4132464334272C0D0A202020
2580,2020206D6167656E74613A20
2592,2723433833394335272C0D0A
2604,2020202020206379616E3A20
2616,2723323043354336272C0D0A
2628,20202020202077686974653A
2640,202723433743374337272C0D
2652,0A2020202020206C69676874
26641426C61636B3A202723363836
2172,61742C20692E652E3A206074
2184,6F7020726967687420626F74
2196,746F6D206C65667460290D0A
2208,2020202070616464696E673A
2220,202731327078203134707827
2232,2C0D0A0D0A202020202F2F20
2244,7468652066756C6C206C6973
2256,742E20696620796F75277265
2268,20676F696E6720746F207072
2280,6F7669646520746865206675
2292,6C6C20636F6C6F722070616C
2304,657474652C0D0A202020202F
2316,2F20696E636C7564696E6720
2328,74686520362078203620636F
2340,6C6F7220637562657320616E
2352,642074686520677261797363
2364,616C65206D61702C206A7573
2376,742070726F766964650D0A20
2388,2020202F2F20616E20617272
2400,6179206865726520696E7374
2412,656164206F66206120636F6C
2424,6F72206D6170206F626A6563
2436,740D0A20202020636F6C6F72
2448,733A207B0D0A202020202020
2460,626C61636B3A202723303030
2472,303030272C0D0A2020202020
2484,207265643A20272343353145
249613134272C0D0A202020202020
1908,6420636C6F73652062757474
1920,6F6E730D0A202020202F2F20
1932,6164646974696F6E616C6C79
1944,2C2073657420746F2060276C
1956,656674276020696620796F75
1968,2077616E74207468656D206F
1980,6E20746865206C6566742C20
1992,6C696B6520696E205562756E
2004,74750D0A202020202F2F2064
2016,656661756C743A2060747275
2028,65602028776974686F757420
2040,6261636B7469636B7320616E
2052,6420776974686F7574207175
2064,6F74657329206F6E2057696E
2076,646F777320616E64204C696E
2088,75782C2069676E6F72656420
2100,6F6E206D61634F530D0A2020
2112,202073686F7757696E646F77
2124,436F6E74726F6C733A202727
2136,2C0D0A0D0A202020202F2F20
2148,637573746F6D207061646469
2160,6E67202843535320666F726D
2172,61742C20692E652E3A206074
2184,6F7020726967687420626F74
2196,746F6D206C65667460290D0A
2208,2020202070616464696E673A
2220,202731327078203134707827
223212C0D0A0D0A202020202F2F20
1668,2073686F77206E6174697665
1680,206D656E75732C2073657420
1692,746F2066616C73650D0A2020
1704,20202F2F2064656661756C74
1716,3A20607472756560206F6E20
1728,4C696E75782C206074727565
1740,60206F6E2057696E646F7773
1752,2C2069676E6F726564206F6E
1764,206D61634F530D0A20202020
1776,73686F7748616D6275726765
1788,724D656E753A2027272C0D0A
1800,0D0A202020202F2F20736574
1812,20746F206066616C73656020
1824,28776974686F757420626163
1836,6B7469636B7320616E642077
1848,6974686F75742071756F7465
1860,732920696620796F75207761
1872,6E7420746F20686964652074
1884,6865206D696E696D697A652C
1896,206D6178696D697A6520616E
1908,6420636C6F73652062757474
1920,6F6E730D0A202020202F2F20
1932,6164646974696F6E616C6C79
1944,2C2073657420746F2060276C
1956,656674276020696620796F75
1968,2077616E74207468656D206F
1980,6E20746865206C6566742C20
199216C696B6520696E205562756E
1260,726F756E6420636F6C6F720D
1272,0A202020202F2F206F706163
1284,697479206973206F6E6C7920
1296,737570706F72746564206F6E
1308,206D61634F530D0A20202020
1320,6261636B67726F756E64436F
1332,6C6F723A202723303030272C
1344,0D0A0D0A202020202F2F2074
1356,65726D696E616C2073656C65
1368,6374696F6E20636F6C6F720D
1380,0A2020202073656C65637469
1392,6F6E436F6C6F723A20277267
1404,6261283234382C32382C3232
1416,392C302E3329272C0D0A0D0A
1428,202020202F2F20626F726465
1440,7220636F6C6F72202877696E
1452,646F772C2074616273290D0A
1464,20202020626F72646572436F
1476,6C6F723A202723333333272C
1488,0D0A0D0A202020202F2F2063
1500,7573746F6D2043535320746F
1512,20656D62656420696E207468
1524,65206D61696E2077696E646F
1536,770D0A202020206373733A20
1548,27272C0D0A0D0A202020202F
1560,2F20637573746F6D20435353
1572,20746F20656D62656420696E
1584120746865207465726D696E61
1176,2C0D0A0D0A202020202F2F20
1188,636F6C6F72206F6620746865
1200,20746578740D0A2020202066
1212,6F726567726F756E64436F6C
1224,6F723A202723666666272C0D
1236,0A0D0A202020202F2F207465
1248,726D696E616C206261636B67
1260,726F756E6420636F6C6F720D
1272,0A202020202F2F206F706163
1284,697479206973206F6E6C7920
1296,737570706F72746564206F6E
1308,206D61634F530D0A20202020
1320,6261636B67726F756E64436F
1332,6C6F723A202723303030272C
1344,0D0A0D0A202020202F2F2074
1356,65726D696E616C2073656C65
1368,6374696F6E20636F6C6F720D
1380,0A2020202073656C65637469
1392,6F6E436F6C6F723A20277267
1404,6261283234382C32382C3232
1416,392C302E3329272C0D0A0D0A
1428,202020202F2F20626F726465
1440,7220636F6C6F72202877696E
1452,646F772C2074616273290D0A
1464,20202020626F72646572436F
1476,6C6F723A202723333333272C
1488,0D0A0D0A202020202F2F2063
150017573746F6D2043535320746F
996,276020666F72207C2C206027
1008,554E4445524C494E45276020
1020,666F72205F2C206027424C4F
1032,434B276020666F7220E29688
1044,0D0A20202020637572736F72
1056,53686170653A20274245414D
1068,272C0D0A0D0A202020202F2F
1080,2073657420746F2060747275
1092,65602028776974686F757420
1104,6261636B7469636B7320616E
1116,6420776974686F7574207175
1128,6F7465732920666F7220626C
1140,696E6B696E6720637572736F
1152,720D0A20202020637572736F
1164,72426C696E6B3A2074727565
1176,2C0D0A0D0A202020202F2F20
1188,636F6C6F72206F6620746865
1200,20746578740D0A2020202066
1212,6F726567726F756E64436F6C
1224,6F723A202723666666272C0D
1236,0A0D0A202020202F2F207465
1248,726D696E616C206261636B67
1260,726F756E6420636F6C6F720D
1272,0A202020202F2F206F706163
1284,697479206973206F6E6C7920
1296,737570706F72746564206F6E
1308,206D61634F530D0A20202020
132016261636B67726F756E64436F
984,2020202F2F2060274245414D
996,276020666F72207C2C206027
1008,554E4445524C494E45276020
1020,666F72205F2C206027424C4F
1032,434B276020666F7220E29688
1044,0D0A20202020637572736F72
1056,53686170653A20274245414D
1068,272C0D0A0D0A202020202F2F
1080,2073657420746F2060747275
1092,65602028776974686F757420
1104,6261636B7469636B7320616E
1116,6420776974686F7574207175
1128,6F7465732920666F7220626C
1140,696E6B696E6720637572736F
1152,720D0A20202020637572736F
1164,72426C696E6B3A2074727565
1176,2C0D0A0D0A202020202F2F20
1188,636F6C6F72206F6620746865
1200,20746578740D0A2020202066
1212,6F726567726F756E64436F6C
1224,6F723A202723666666272C0D
1236,0A0D0A202020202F2F207465
1248,726D696E616C206261636B67
1260,726F756E6420636F6C6F720D
1272,0A202020202F2F206F706163
1284,697479206973206F6E6C7920
1296,737570706F72746564206F6E
13081206D61634F530D0A20202020
924,6F6C6F7220756E6465722042
936,4C4F434B20637572736F720D
948,0A20202020637572736F7241
960,6363656E74436F6C6F723A20
972,2723303030272C0D0A0D0A20
984,2020202F2F2060274245414D
996,276020666F72207C2C206027
1008,554E4445524C494E45276020
1020,666F72205F2C206027424C4F
1032,434B276020666F7220E29688
1044,0D0A20202020637572736F72
1056,53686170653A20274245414D
1068,272C0D0A0D0A202020202F2F
1080,2073657420746F2060747275
1092,65602028776974686F757420
1104,6261636B7469636B7320616E
1116,6420776974686F7574207175
1128,6F7465732920666F7220626C
1140,696E6B696E6720637572736F
1152,720D0A20202020637572736F
1164,72426C696E6B3A2074727565
1176,2C0D0A0D0A202020202F2F20
1188,636F6C6F72206F6620746865
1200,20746578740D0A2020202066
1212,6F726567726F756E64436F6C
1224,6F723A202723666666272C0D
1236,0A0D0A202020202F2F207465
12481726D696E616C206261636B67
780,726D696E616C20637572736F
792,72206261636B67726F756E64
804,20636F6C6F7220616E64206F
816,70616369747920286865782C
828,207267622C2068736C2C2068
840,73762C20687762206F722063
852,6D796B290D0A202020206375
864,72736F72436F6C6F723A2027
876,72676261283234382C32382C
888,3232392C302E3829272C0D0A
900,0D0A202020202F2F20746572
912,6D696E616C20746578742063
924,6F6C6F7220756E6465722042
936,4C4F434B20637572736F720D
948,0A20202020637572736F7241
960,6363656E74436F6C6F723A20
972,2723303030272C0D0A0D0A20
984,2020202F2F2060274245414D
996,276020666F72207C2C206027
1008,554E4445524C494E45276020
1020,666F72205F2C206027424C4F
1032,434B276020666F7220E29688
1044,0D0A20202020637572736F72
1056,53686170653A20274245414D
1068,272C0D0A0D0A202020202F2F
1080,2073657420746F2060747275
1092,65602028776974686F757420
110416261636B7469636B7320616E
576,6120436F6E736F6C65222C20
588,6D6F6E6F7370616365272C0D
600,0A0D0A202020202F2F206465
612,6661756C7420666F6E742077
624,65696768743A20276E6F726D
636,616C27206F722027626F6C64
648,270D0A20202020666F6E7457
660,65696768743A20276E6F726D
672,616C272C0D0A0D0A20202020
684,2F2F20666F6E742077656967
696,687420666F7220626F6C6420
708,636861726163746572733A20
720,276E6F726D616C27206F7220
732,27626F6C64270D0A20202020
744,666F6E74576569676874426F
756,6C643A2027626F6C64272C0D
768,0A0D0A202020202F2F207465
780,726D696E616C20637572736F
792,72206261636B67726F756E64
804,20636F6C6F7220616E64206F
816,70616369747920286865782C
828,207267622C2068736C2C2068
840,73762C20687762206F722063
852,6D796B290D0A202020206375
864,72736F72436F6C6F723A2027
876,72676261283234382C32382C
888,3232392C302E3829272C0D0A
90010D0A202020202F2F20746572
420,656C7320666F7220616C6C20
432,746162730D0A20202020666F
444,6E7453697A653A2031322C0D
456,0A0D0A202020202F2F20666F
468,6E742066616D696C79207769
480,7468206F7074696F6E616C20
492,66616C6C6261636B730D0A20
504,202020666F6E7446616D696C
516,793A2027496E636F6E736F6C
528,6174612C204D656E6C6F2C20
540,2244656A6156752053616E73
552,204D6F6E6F222C20436F6E73
564,6F6C61732C20224C75636964
576,6120436F6E736F6C65222C20
588,6D6F6E6F7370616365272C0D
600,0A0D0A202020202F2F206465
612,6661756C7420666F6E742077
624,65696768743A20276E6F726D
636,616C27206F722027626F6C64
648,270D0A20202020666F6E7457
660,65696768743A20276E6F726D
672,616C272C0D0A0D0A20202020
684,2F2F20666F6E742077656967
696,687420666F7220626F6C6420
708,636861726163746572733A20
720,276E6F726D616C27206F7220
732,27626F6C64270D0A20202020
7441666F6E74576569676874426F
360,207570646174654368616E6E
372,656C3A2027737461626C6527
384,2C0D0A0D0A202020202F2F20
396,64656661756C7420666F6E74
408,2073697A6520696E20706978
420,656C7320666F7220616C6C20
432,746162730D0A20202020666F
444,6E7453697A653A2031322C0D
456,0A0D0A202020202F2F20666F
468,6E742066616D696C79207769
480,7468206F7074696F6E616C20
492,66616C6C6261636B730D0A20
504,202020666F6E7446616D696C
516,793A2027496E636F6E736F6C
528,6174612C204D656E6C6F2C20
540,2244656A6156752053616E73
552,204D6F6E6F222C20436F6E73
564,6F6C61732C20224C75636964
576,6120436F6E736F6C65222C20
588,6D6F6E6F7370616365272C0D
600,0A0D0A202020202F2F206465
612,6661756C7420666F6E742077
624,65696768743A20276E6F726D
636,616C27206F722027626F6C64
648,270D0A20202020666F6E7457
660,65696768743A20276E6F726D
672,616C272C0D0A0D0A20202020
68412F2F20666F6E742077656967
228,2020202F2F2063686F6F7365
240,206569746865722060277374
252,61626C65276020666F722072
264,6563656976696E6720686967
276,686C7920706F6C6973686564
288,2C0D0A202020202F2F206F72
300,20602763616E617279276020
312,666F72206C65737320706F6C
324,697368656420627574206D6F
336,7265206672657175656E7420
348,757064617465730D0A202020
360,207570646174654368616E6E
372,656C3A2027737461626C6527
384,2C0D0A0D0A202020202F2F20
396,64656661756C7420666F6E74
408,2073697A6520696E20706978
420,656C7320666F7220616C6C20
432,746162730D0A20202020666F
444,6E7453697A653A2031322C0D
456,0A0D0A202020202F2F20666F
468,6E742066616D696C79207769
480,7468206F7074696F6E616C20
492,66616C6C6261636B730D0A20
504,202020666F6E7446616D696C
516,793A2027496E636F6E736F6C
528,6174612C204D656E6C6F2C20
540,2244656A6156752053616E73
5521204D6F6E6F222C20436F6E73
72,6963682077696C6C206E6F74
84,206175746F6D61746963616C
96,6C79206265206D6572676564
108,20696E746F20746869732066
120,696C652E0D0A2F2F20536565
132,2068747470733A2F2F687970
144,65722E69732363666720666F
156,7220616C6C2063757272656E
168,746C7920737570706F727465
180,64206F7074696F6E732E0D0A
192,0D0A6D6F64756C652E657870
204,6F727473203D207B0D0A2020
216,636F6E6669673A207B0D0A20
228,2020202F2F2063686F6F7365
240,206569746865722060277374
252,61626C65276020666F722072
264,6563656976696E6720686967
276,686C7920706F6C6973686564
288,2C0D0A202020202F2F206F72
300,20602763616E617279276020
312,666F72206C65737320706F6C
324,697368656420627574206D6F
336,7265206672657175656E7420
348,757064617465730D0A202020
360,207570646174654368616E6E
372,656C3A2027737461626C6527
384,2C0D0A0D0A202020202F2F20
396164656661756C7420666F6E74

0,EFBBBF2F2F20467574757265
12,2076657273696F6E73206F66
24,204879706572206D61792061
36,6464206164646974696F6E61
48,6C20636F6E666967206F7074
60,696F6E732C0D0A2F2F207768
72,6963682077696C6C206E6F74
84,206175746F6D61746963616C
96,6C79206265206D6572676564
108,20696E746F20746869732066
120,696C652E0D0A2F2F20536565
132,2068747470733A2F2F687970
144,65722E69732363666720666F
156,7220616C6C2063757272656E
168,746C7920737570706F727465
180,64206F7074696F6E732E0D0A
192,0D0A6D6F64756C652E657870
204,6F727473203D207B0D0A2020
216,636F6E6669673A207B0D0A20
228,2020202F2F2063686F6F7365
240,206569746865722060277374
252,61626C65276020666F722072
264,6563656976696E6720686967
276,686C7920706F6C6973686564
288,2C0D0A202020202F2F206F72
300,20602763616E617279276020
3121666F72206C65737320706F6C
